mjd,Fratio,Fratio_unc,instrument,wave,Fratio0,Fratio0_abs,Fratio0_unc,freq,fnu,fnu_unc,nufnu,nufnu_unc,flambda,flambda_unc,Llambda,Llambda_unc,datetime64,date,Fratio0_max,Fratio0_min
58602.28473379975,7.570295418385901e-08,1.6613208118088512e-09,P48+ZTF,6421.811631761602,5.151859577817241e-07,2904544.8784881034,153147.0241479094,466834711434477.7,1.0546402453790304e-13,5.5607684468105905e-15,49.23426746187064,2.595959733220771,0.007666725572946293,0.0004042410276223968,9.173200216222957e+37,4.836724422584125e+36,2019-04-29T06:50:01.000298560,2019 04 29,8.321024764597361e-07,2.509832975552497e-07
58604.6066,1.6284109887083448e-08,2.6654847149545582e-09,Swift UVOT,2614.221270963571,2.134602737432222e-06,12034585.483097164,2456112.8626959915,1146775375634137.0,4.36975798891258e-13,8.918145804449146e-14,501.1130859165495,102.27110004857172,0.19168732634932817,0.03912105726646307,2.2935296258936218e+39,4.6808156567116974e+38,2019-05-01T14:33:30.239999928,2019 05 01,7.222795544070302e-06,3.429530526640308e-07
58604.6072,6.016245304323878e-08,6.1378234646103e-09,Swift UVOT,3475.494701506968,2.3143343714808495e-06,13047886.776140982,1785894.5378995058,862589311012359.0,4.737687688416791e-13,6.484583067113105e-14,408.66787589431755,55.935320400635035,0.11758552695163653,0.016094203906103378,1.4069051656989556e+39,1.925663744537398e+38,2019-05-01T14:34:22.079999875,2019 05 01,5.763698407574262e-06,5.88861812992723e-07
58604.6075,1.5810248554117325e-07,1.3604074910492978e-08,Swift UVOT,4359.055837249707,3.371261424170543e-06,19006690.60504122,2188278.6771023623,687746312947324.8,6.901329358690467e-13,7.945639876558677e-14,474.6363820874494,54.64584529110467,0.10888513471919999,0.012536165475132522,1.3028053917492528e+39,1.4999461602340829e+38,2019-05-01T14:34:47.999999849,2019 05 01,7.244457426564334e-06,1.0702180738228228e-06
58604.6085,4.2667265216193885e-09,1.2751867254199946e-09,Swift UVOT,2079.0336838585954,4.839184567514244e-06,27282631.716424428,9460509.158033295,1441979802095357.8,9.90632357623371e-13,3.4351108752818896e-13,1428.4718509950062,495.336050011459,0.6870845153137803,0.23825301814838182,8.220933127801636e+39,2.8506858851276356e+39,2019-05-01T14:36:14.400000181,2019 05 01,2.808287269884831e-05,3.461530553778735e-07
58604.6093,2.864008975488846e-07,2.8159731203525198e-08,Swift UVOT,5430.085524243962,2.9016236330849175e-06,16358939.787616655,1866548.3134301684,552095278539356.9,5.939931036883607e-13,6.777436926064941e-14,327.94078803128264,37.41790927478746,0.06039330072557969,0.006890850817676064,7.226029339425093e+38,8.244869809051272e+37,2019-05-01T14:37:23.519999692,2019 05 01,5.176756722072941e-06,1.2176320345629512e-06
58604.6106,3.784846598733132e-09,1.0313825392453869e-09,Swift UVOT,2255.07772455265,3.6657919470889425e-06,20667211.644055083,6658749.712823036,1329410754830950.2,7.504264547956401e-13,2.417792020726044e-13,997.6249997149858,321.4238715297659,0.4423905166784835,0.14253338943939425,5.29318122142009e+39,1.7054051385877112e+39,2019-05-01T14:39:15.839999998,2019 05 01,2.0450206395849283e-05,2.782101617855119e-07
58605.20738429995,6.663573674643133e-07,7.437885482689497e-09,P48+ZTF,7883.058236798149,2.71196953776191e-06,15289697.074506592,563006.8508018999,380299686992755.6,5.551689007753343e-13,2.0442778752616985e-14,211.13055919297184,7.774382360882394,0.026782823727904675,0.0009862139955520745,3.204551957341823e+38,1.1800002949321386e+37,2019-05-02T04:58:38.003515899,2019 05 02,3.851937287020743e-06,1.6021132264034185e-06
58606.0342,1.1127446158083171e-08,2.303391352244561e-09,Swift UVOT,2614.221270963571,1.4586414114359798e-06,8223612.032011264,1975517.0818684471,1146775375634137.0,2.98599352882329e-13,7.173102524264331e-14,342.4263850657431,82.25937341725405,0.13098599910769174,0.03146610974783103,1.5672411695246092e+39,3.764904873614431e+38,2019-05-03T00:49:14.880000162,2019 05 03,4.9355641226196706e-06,2.3435064334073717e-07
58606.0355,4.7681437620490226e-08,5.468532635637565e-09,Swift UVOT,3475.494701506968,1.83421360640683e-06,10341034.447991205,1515564.266133968,862589311012359.0,3.754829608065607e-13,5.503013850332438e-14,323.8875884590118,47.46840925649726,0.09319179462957454,0.01365802952768567,1.1150353335494393e+39,1.6341766537027369e+38,2019-05-03T00:51:07.199999839,2019 05 03,4.56798903938569e-06,4.666993512236243e-07
58606.0361,1.3214699834756268e-07,1.236262709997246e-08,Swift UVOT,4359.055837249707,2.817805655136575e-06,15886385.994374033,1919787.6098171605,687746312947324.8,5.768346754557211e-13,6.97074881124611e-14,396.7159212248389,47.941067934164586,0.09100959841687689,0.010998039420484326,1.0889254609842912e+39,1.3159101187346249e+38,2019-05-03T00:51:59.039999787,2019 05 03,6.055143916936558e-06,8.945217119699608e-07
58606.063,3.333058766180116e-07,3.894018479757642e-08,Swift UVOT,5430.085524243962,3.376833721255475e-06,19038106.420466673,2482311.9996534656,552095278539356.9,6.912736441271449e-13,9.013274870741734e-14,381.64891510129235,49.761865003139434,0.07028414440202208,0.009164103360981196,8.409464020738478e+38,1.0964805526505458e+38,2019-05-03T01:30:43.200000166,2019 05 03,6.024574126881697e-06,1.4170483268436881e-06
58606.20662039984,4.9171499622615e-07,7.072524756102963e-09,P48+ZTF,6421.811631761602,3.346298225973571e-06,18865951.6575243,944314.0463101453,466834711434477.7,6.850227046847073e-13,3.428804302152138e-14,319.79237666755074,16.00684866960489,0.0497978444409505,0.0024925752400516863,5.958288098964988e+38,2.982354267599959e+37,2019-05-03T04:57:32.002546191,2019 05 03,5.404772779123692e-06,1.6302171102923696e-06
58607.5572,1.5360716331589093e-08,3.7043381988432937e-09,Swift UVOT,3475.494701506968,5.908973450802311e-07,3331394.870999504,858972.1802091119,862589311012359.0,1.20962947765992e-13,3.118927986339285e-14,104.341345771491,26.90353942833568,0.03002201261485129,0.007740923735740514,3.5921193472974125e+38,9.261977960582174e+37,2019-05-04T13:22:22.080000252,2019 05 04,1.4715911965216946e-06,1.5034857806388968e-07
58607.5579,6.460677003580282e-08,9.415948499036078e-09,Swift UVOT,4359.055837249707,1.3776273713624696e-06,7766866.44019752,1278406.8722794242,687746312947324.8,2.8201492044357197e-13,4.6418953532465894e-14,193.95472173119973,31.924464142826615,0.04449466328781259,0.007323710760945188,5.323765028616726e+38,8.762784646019235e+37,2019-05-04T13:23:22.559999982,2019 05 04,2.9603645596723904e-06,4.3733235911477534e-07
58607.5622,1.6991508895621038e-07,2.198253814376205e-08,Swift UVOT,5430.085524243962,1.7214668038842752e-06,9705384.071876833,1375595.473421944,552095278539356.9,3.5240249564984784e-13,4.994787163995079e-14,194.55975399376723,27.575984105506674,0.035829961263981386,0.005078370125550852,4.2870376053868e+38,6.076245391924324e+37,2019-05-04T13:29:34.080000026,2019 05 04,3.071251125480663e-06,7.223931811644599e-07
58609.21166670043,1.023558265453412e-07,1.3764527016852084e-09,P48+ZTF,4813.966872932173,1.513374737164943e-06,8532190.708365709,585911.1120506234,622755548414061.5,3.098038446207589e-13,2.1274432478558137e-14,192.93206315758542,13.248770865382394,0.04007756352508323,0.0027521524794607917,4.795261169791687e+38,3.2929371841290936e+37,2019-05-06T05:04:48.002917171,2019 05 06,2.9675972337259223e-06,5.511359793296795e-07
58612.211157399695,3.8102196074708726e-07,4.138283367712061e-09,P48+ZTF,6421.811631761602,2.5929921216365437e-06,14618919.388424754,718631.1314844665,466834711434477.7,5.308129629937029e-13,2.609349638420098e-14,247.80191640484537,12.181349854835052,0.03858754049702163,0.0018968712496310826,4.61698063225134e+38,2.269597312660307e+37,2019-05-09T05:04:03.999333680,2019 05 09,4.188070604922248e-06,1.2632287495282534e-06
58612.254594899714,1.2402542171343935e-07,1.363061374780959e-09,P48+ZTF,4813.966872932173,1.8337689833827117e-06,10338527.726858662,705418.0907515611,622755548414061.5,3.75391941762238e-13,2.5613730875189183e-14,233.77741456236197,15.951093018108619,0.04856232307638811,0.0033135028634696142,5.810458562864919e+38,3.964590214483705e+37,2019-05-09T06:06:36.999335289,2019 05 09,3.5958626959595003e-06,6.678161328464609e-07
58619.19440970011,3.8028879803398514e-07,9.123513806283894e-09,P48+ZTF,6421.811631761602,2.588002684452335e-06,14590789.653906504,782218.4496867497,466834711434477.7,5.297915723333452e-13,2.8402351908125883e-14,247.3250957906554,13.259203757090432,0.03851329032564761,0.0020647139027734495,4.608096635013899e+38,2.470420238621032e+37,2019-05-16T04:39:56.998089552,2019 05 16,4.1800119166478305e-06,1.2607980439189052e-06
58619.25165510038,8.529794878956651e-08,3.5547697544897445e-09,P48+ZTF,4813.966872932173,1.261166708208215e-06,7110277.848057872,563087.3784422155,622755548414061.5,2.581741886629813e-13,2.0445702711236845e-14,160.7794084471703,12.732674804647166,0.03339852821821353,0.0026449444170960263,3.99611781271972e+38,3.164663253947532e+37,2019-05-16T06:02:23.000672758,2019 05 16,2.473039058096829e-06,4.592876646853702e-07
58624.5646,2.703475874414762e-08,8.562518314513909e-09,Swift UVOT,4359.055837249707,5.764693638682045e-07,3250051.972763777,1058961.8356059843,687746312947324.8,1.1800938713105273e-13,3.845090425085329e-14,81.16052089255498,26.444467628014966,0.018618830297838583,0.006066558588682768,2.2277340761567894e+38,7.258608127804424e+37,2019-05-21T13:33:01.439999817,2019 05 21,1.238767107860624e-06,1.8300210354309446e-07
58624.5681,1.1787590718810246e-07,2.1751183145139082e-08,Swift UVOT,5430.085524243962,1.1942403847039008e-06,6732956.791002094,1302113.3722714474,552095278539356.9,2.4447366108128605e-13,4.7279736547176257e-14,134.97275401020894,26.102919318280687,0.024856469277986442,0.004807091748691201,2.9740645753639495e+38,5.751662120801806e+37,2019-05-21T13:38:03.839999721,2019 05 21,2.130631922346893e-06,5.011488508722441e-07
58628.192199100275,2.9691301485924545e-08,6.527182707710677e-10,P48+ZTF,4813.966872932173,4.3899861003458773e-07,2475011.4889187124,175326.065467618,622755548414061.5,8.986766716263845e-14,6.36608943712921e-15,55.965588348561255,3.9645175186723653,0.011625669603844362,0.0008235448276480534,1.3910057678344504e+38,9.853674191376123e+36,2019-05-25T04:36:46.002263725,2019 05 25,8.608383824278006e-07,1.598731120086159e-07
58628.30576969986,2.0003570345608586e-07,1.8926217700123765e-09,P48+ZTF,6421.811631761602,1.3613152430653426e-06,7674900.989689774,375052.82722390327,466834711434477.7,2.786756549356357e-13,1.3618168156499928e-14,130.09546895569156,6.357433601605837,0.020258375115248337,0.0009899750983293626,2.4239048237656754e+38,1.1845004362873478e+37,2019-05-25T07:20:18.502067775,2019 05 25,2.1987279891603497e-06,6.63192355218511e-07
58629.1437,6.940342687964747e-08,1.7497861470669237e-08,Swift UVOT,5430.085524243962,7.031494152936198e-07,3964256.01698618,1025470.3126517812,552095278539356.9,1.439421359767682e-13,3.7234827052386175e-14,79.46977365564382,20.557172212851924,0.014635086924659165,0.0037857916088189286,1.7510811005868993e+38,4.529681423205954e+37,2019-05-26T03:26:55.680000046,2019 05 26,1.2544816015207778e-06,2.950683346328615e-07
58633.17189999996,2.779713267759283e-07,2.816231586581728e-08,P60+SEDM,7681.939914479305,1.2117888105071687e-06,6831892.31034714,736430.1755465957,390256187027623.3,2.4806600978870465e-13,2.673977967409689e-14,96.80929511129696,10.435364457571797,0.012602193741300418,0.0013584282842284017,1.5078464104742307e+38,1.6253528983193524e+37,2019-05-30T04:07:32.159996331,2019 05 30,1.7509900267822985e-06,6.976568074032487e-07
58633.20120369992,1.491436754332144e-07,1.6675810767406367e-09,P48+ZTF,6421.811631761602,1.014976603007256e-06,5722293.18272494,281704.52645557653,466834711434477.7,2.0777646546474257e-13,1.0228691355601984e-14,96.99726629810881,4.775108177344788,0.015104346228153216,0.0007435764938553488,1.8072277502004713e+38,8.896856929745197e+36,2019-05-30T04:49:43.999673277,2019 05 30,1.6393392175274629e-06,4.94466456075491e-07
58633.22868059995,2.4159851887038378e-08,8.841547926760998e-10,P48+ZTF,4813.966872932173,3.572137584497367e-07,2013920.1718503735,154352.06627827944,622755548414061.5,7.312544143988706e-14,5.604523526564326e-15,45.53927438691721,3.490248122385077,0.00945982296699507,0.0007250253719048086,1.1318632610573808e+38,8.674893649243326e+36,2019-05-30T05:29:18.003835380,2019 05 30,7.004653476706884e-07,1.3008896591074385e-07
58634.21579860011,2.1849984147721827e-08,9.815388329068077e-10,P48+ZTF,4813.966872932173,3.230613745468481e-07,1821373.9072347477,147438.81947355962,622755548414061.5,6.613408657169368e-14,5.35350353508495e-15,41.18536935181812,3.333924029928445,0.008555391102376289,0.0006925523415365262,1.0236484241346133e+38,8.286355405163112e+36,2019-05-31T05:10:44.999049604,2019 05 31,6.334954706756347e-07,1.176514597950922e-07
58634.25732639991,1.3821432462068828e-07,2.574434285961664e-09,P48+ZTF,6421.811631761602,9.405984215084384e-07,5302959.614174572,272752.17661478627,466834711434477.7,1.925504635906787e-13,9.903631532882889e-15,89.88924010692939,4.6233589688067775,0.01399748937859633,0.0007199462136105227,1.6747928613411172e+38,8.614121764923136e+36,2019-05-31T06:10:33.000952005,2019 05 31,1.5192073154736421e-06,4.5823161508891805e-07
58635.19334489992,2.19218513525042e-08,8.313694968210301e-10,P48+ZTF,4813.966872932173,3.2412396195216915e-07,1827364.6233236727,141228.9861276041,622755548414061.5,6.635160947288255e-14,5.128024486293304e-15,41.320832945440614,3.193505701242323,0.008583530804455291,0.0006633833978373782,1.0270153259330345e+38,7.937350398916107e+36,2019-06-01T04:38:24.999352992,2019 06 01,6.355791128609998e-07,1.1803842948334804e-07
58635.23576389998,1.3586793584451748e-07,2.3834781173221103e-09,P48+ZTF,6421.811631761602,9.24630398040768e-07,5212934.177568533,266127.93182262254,466834711434477.7,1.8928163998751344e-13,9.663105204479425e-15,88.36323978341552,4.511072929694151,0.013759861679277584,0.0007024611104104738,1.6463608215865813e+38,8.404913347419115e+36,2019-06-01T05:39:30.000958443,2019 06 01,1.4934165661899725e-06,4.5045246830741056e-07
58636.20693864976,1.3548363044866904e-07,1.1920890530687088e-09,P48+ZTF,6421.811631761602,9.220150609568279e-07,5198189.280472761,253377.8627202447,466834711434477.7,1.8874625277396595e-13,9.200150195372085e-15,88.11330244807337,4.294949461610381,0.013720941612842439,0.0006688065156517538,1.6417040543860162e+38,8.002237742325106e+36,2019-06-02T04:57:59.499339312,2019 06 02,1.4891924051245314e-06,4.491783537558957e-07
58636.24918984994,1.9502556494286483e-08,7.313603482283068e-10,P48+ZTF,4813.966872932173,2.883536512258143e-07,1625696.7182636878,125306.55927330515,622755548414061.5,5.90290478401545e-14,4.54988116721371e-15,36.76066706005529,2.833463741506984,0.007636252602142332,0.0005885922808149965,9.136739453449048e+37,7.042478286547522e+36,2019-06-02T05:58:50.003035069,2019 06 02,5.654366210153216e-07,1.0501171194342928e-07
58637.193159699906,1.2417665419965554e-07,1.5897358315454496e-09,P48+ZTF,6421.811631761602,8.450670019112637e-07,4764367.109207203,236420.43856730312,466834711434477.7,1.7299416973531354e-13,8.584426124378777e-15,80.75968330823214,4.007508092604958,0.012575841201695059,0.0006240463474176425,1.504693341804877e+38,7.466684485570755e+36,2019-06-03T04:38:08.998071849,2019 06 03,1.364909765965892e-06,4.116915447541755e-07
58637.214513900224,2.0615387337677917e-08,1.004429681924e-09,P48+ZTF,4813.966872932173,3.0480733190007e-07,1718460.2208646964,142835.8122938164,622755548414061.5,6.239729061959713e-14,5.186368344388473e-15,38.858258939358784,3.2298396625869716,0.008071983037076933,0.0006709310113344602,9.658088819867149e+37,8.027657230828433e+36,2019-06-03T05:08:54.000979364,2019 06 03,5.977008686298959e-07,1.1100376083210806e-07
58638.2057523001,2.0731534272507758e-08,1.1794639145464645e-09,P48+ZTF,4813.966872932173,3.0652461408031564e-07,1728142.0126259243,152346.7416372725,622755548414061.5,6.274883647844731e-14,5.5317101888493644e-15,39.07718607347972,3.4449032123245376,0.008117460527865645,0.000715605924023789,9.712502418523711e+37,8.562190409096355e+36,2019-06-04T04:56:16.998728514,2019 06 04,6.010683107593784e-07,1.1162915517294931e-07
58638.227708299644,1.2233440628177838e-07,1.7682340467816762e-09,P48+ZTF,6421.811631761602,8.325298391509061e-07,4693684.3754557595,235032.7062243814,466834711434477.7,1.7042767967279862e-13,8.534037563007289e-15,79.56155666049854,3.983984963097501,0.01238926976104305,0.000620383342200997,1.4823701588052234e+38,7.422856804606239e+36,2019-06-04T05:27:53.997089267,2019 06 04,1.3446603705328507e-06,4.0558381141235455e-07
58639.17532410007,1.12861848589582e-07,1.8382192325595412e-09,P48+ZTF,6421.811631761602,7.680656612346188e-07,4330244.543712463,219256.93967943263,466834711434477.7,1.5723117938219955e-13,7.961219479760199e-15,73.40097225539172,3.716573598500395,0.011429947881429325,0.0005787422321948241,1.3675877580296832e+38,6.924622929299293e+36,2019-06-05T04:12:28.002246022,2019 06 05,1.2405410689935598e-06,3.741787785242628e-07
58639.19152780017,2.6257495894968327e-07,3.858227624843542e-09,P48+ZTF,7883.058236798149,1.0686387287355402e-06,6024832.586407424,229199.06127040565,380299686992755.6,2.1876167121245357e-13,8.32221791472843e-15,83.19499508810821,3.1649368680567256,0.010553644612157452,0.00040148591739215967,1.2627384939901926e+38,4.803759661397275e+36,2019-06-05T04:35:48.001934588,2019 06 05,1.5178376114681325e-06,6.313051152363096e-07
58639.229166700505,2.072501154038237e-08,1.0362207748419736e-09,P48+ZTF,4813.966872932173,3.0642817269198405e-07,1727598.2898471456,144898.78447211764,622755548414061.5,6.272909390434986e-14,5.261274864182591e-15,39.06489127592056,3.2764881134011468,0.008114906543203163,0.0006806212422906532,9.70944658817799e+37,8.143600377425815e+36,2019-06-05T05:30:00.002923608,2019 06 05,6.008791975211295e-07,1.1159403345609973e-07
58642.19833329972,1.6747242743854695e-08,1.1454112862168504e-09,P48+ZTF,4813.966872932173,2.4761515725234684e-07,1396018.9053484404,133992.79806704103,622755548414061.5,5.068944645320187e-14,4.86527849781426e-15,31.567134024768936,3.0298791790934607,0.006557405744161569,0.0006293934418472577,7.845904384847862e+37,7.530662212843262e+36,2019-06-08T04:45:35.997095704,2019 06 08,4.855519506472278e-07,9.017569729279213e-08
58642.22377310041,1.0124914419167087e-07,1.5353561927563483e-09,P48+ZTF,6421.811631761602,6.890370116637744e-07,3884692.3001047675,195337.07658675863,466834711434477.7,1.410531774168041e-13,7.092689250865206e-15,65.84851937628993,3.31111353972208,0.010253885219960377,0.0005156042764234413,1.2268724271125651e+38,6.169180329948046e+36,2019-06-08T05:22:13.995875716,2019 06 08,1.1128979645457679e-06,3.35678367612379e-07
58643.22851849999,2.44378074984859e-07,3.878901906944922e-09,P48+ZTF,7883.058236798149,9.945802769132385e-07,5607301.608126449,215954.16356056227,380299686992755.6,2.0360112139107137e-13,7.841295678884016e-15,77.42944273639849,2.9820422922972383,0.009822259383415122,0.0003782849501703606,1.1752286036907916e+38,4.5261612062150567e+36,2019-06-09T05:29:03.998399377,2019 06 09,1.4126489255255998e-06,5.875546145247908e-07
58646.189942100085,1.6975899619968074e-08,2.3136742812202527e-09,P48+ZTF,4813.966872932173,2.50995947105436e-07,1415079.3158753808,215121.128017638,622755548414061.5,5.1381529959435075e-14,7.811048158320436e-15,31.99813286824152,4.864373579523488,0.0066469366559540844,0.0010104709292610094,7.953027689523307e+37,1.2090235992654639e+37,2019-06-12T04:33:30.997447371,2019 06 12,4.921813877386853e-07,9.140690254607967e-08
58646.22600689996,9.136305625198636e-08,2.6813229293984213e-09,P48+ZTF,6421.811631761602,6.217586109880098e-07,3505386.2822213066,197045.55842868594,466834711434477.7,1.2728057590745565e-13,7.154724226545587e-15,59.41899092497119,3.3400736196926757,0.00925268356223517,0.0005201139197501566,1.1070791310601256e+38,6.223137995115673e+36,2019-06-12T05:25:26.996156573,2019 06 12,1.004233271789773e-06,3.029023289785757e-07
58649.17480320018,1.4785061462922616e-08,2.264795861329002e-09,P48+ZTF,4813.966872932173,2.1860346655992564e-07,1232455.1351327642,206226.78546635644,622755548414061.5,4.475044595667067e-14,7.488094580283402e-15,27.868588513520265,4.663252446920752,0.005789110986662355,0.0009686922594214652,6.926643408495172e+37,1.1590356220567877e+37,2019-06-15T04:11:42.996495366,2019 06 15,4.2866252932265485e-07,7.96103124154611e-08
58649.217557899654,7.87033091513412e-08,2.493780490598222e-09,P48+ZTF,6421.811631761602,5.35604457485888e-07,3019661.464734942,173532.07892480472,466834711434477.7,1.0964390778452575e-13,6.30094978575966e-15,51.18558205113756,2.941502074998245,0.00797058291121139,0.00045804863855705236,9.536764057729176e+37,5.480529895421127e+36,2019-06-15T05:13:17.002530098,2019 06 15,8.650814113720609e-07,2.609305841795742e-07
58652.250196799636,2.1941702553310477e-07,3.635949889678438e-09,P48+ZTF,7883.058236798149,8.929927368799974e-07,5034565.560753881,195371.779091466,380299686992755.6,1.8280507551097342e-13,7.093949298811131e-15,69.52071299751024,2.6978266978803513,0.00881900284244854,0.00034223097392416626,1.0551894418483905e+38,4.0947771172053486e+36,2019-06-18T06:00:17.003488541,2019 06 18,1.2683593869072246e-06,5.275411301331638e-07
58652.27563660033,7.152868223782225e-08,2.839308534789215e-09,P48+ZTF,6421.811631761602,4.867785288544808e-07,2744387.8498359406,170818.62502228995,466834711434477.7,9.964872282754301e-14,6.202424274559348e-15,46.51948276601029,2.895506946408113,0.007243981205541726,0.00045088630941574824,8.667388617048637e+37,5.394832972265938e+36,2019-06-18T06:36:55.002268553,2019 06 18,7.86220224424e-07,2.3714404188546165e-07
58658.17906250013,5.480845183425159e-08,1.3510687599682694e-09,P48+ZTF,6421.811631761602,3.72991319257959e-07,2102871.807174201,113363.47472135056,466834711434477.7,7.635527531849525e-14,4.116227767132239e-15,35.645292919809826,1.9215980018677632,0.005550659994994554,0.00029922989213257867,6.6413379456200925e+37,3.5802712449978694e+36,2019-06-24T04:17:51.000011265,2019 06 24,6.024368400662604e-07,1.8171029286188043e-07
58658.2057523001,1.133754647981741e-08,8.865163068732045e-10,P48+ZTF,4813.966872932173,1.6763048087339152e-07,945076.719085567,97526.03918775485,622755548414061.5,3.431573566999694e-14,3.5411704829073786e-15,21.370314786400915,2.2052835661106718,0.004439231791677104,0.000458101109608891,5.311519454272959e+37,5.481157709028765e+36,2019-06-24T04:56:16.998728514,2019 06 24,3.287089040880458e-07,6.104713325315171e-08
58661.19799769996,4.9033880706357976e-08,1.263037098328736e-09,P48+ZTF,6421.811631761602,3.336932761449087e-07,1881315.050561329,102389.30143657674,466834711434477.7,6.831054948588186e-14,3.717755535162101e-15,31.889735657172267,1.7355773324413317,0.004965847253981883,0.0002702628840524299,5.941612318132192e+37,3.2336823887046373e+36,2019-06-27T04:45:07.001276314,2019 06 27,5.389646151337534e-07,1.6256545341313018e-07
58661.22806710005,9.945970925280106e-09,1.142554268047085e-09,P48+ZTF,4813.966872932173,1.470554402511544e-07,829077.5774914878,110399.18657075125,622755548414061.5,3.0103806838715925e-14,4.008594464383978e-15,18.74731273719551,2.496374444037015,0.003894358484809551,0.0005185690948713323,4.659581167345238e+37,6.204654239857154e+36,2019-06-27T05:28:24.997444153,2019 06 27,2.8836302534770674e-07,5.355418065878799e-08
58677.17422450008,7.694850626637097e-09,1.8695744113455422e-09,P48+ZTF,4813.966872932173,1.1377166242169781e-07,641428.3899097035,161719.47019899366,622755548414061.5,2.3290264837621336e-14,5.87203396292546e-15,14.504141651661607,3.6568417308876398,0.0030129292607340226,0.0007596316774527923,3.6049553467202756e+37,9.088956428085489e+36,2019-07-13T04:10:52.996806800,2019 07 13,2.2309640988954326e-07,4.14330007293587e-08
58677.20400460018,2.7764699548268423e-08,2.135994774484899e-09,P48+ZTF,6421.811631761602,1.889488129427093e-07,1065266.4317408956,96564.19390548753,466834711434477.7,3.867982413651192e-14,3.506245880708252e-15,18.057084539104885,1.6368372839387628,0.002811836530644476,0.00025488715300261045,3.3643488638630324e+37,3.049712507366382e+36,2019-07-13T04:53:45.997455418,2019 07 13,3.0518063002091647e-07,9.205024986648331e-08
58819.53425347502,1.1346956995479549e-08,1.8801338957199837e-09,P48+ZTF,7883.058236798149,4.618032788492125e-08,260358.09559444408,44096.81035887596,380299686992755.6,9.453602451034264e-15,1.6011551841307862e-15,3.595202053082278,0.608918815351766,0.0004560669152867424,7.724398286306327e-05,5.456818671954555e+36,9.242205339939823e+35,2019-12-02T12:49:19.500242025,2019 12 02,6.5592081485389e-08,2.7281321959514705e-08
58830.46905669989,6.517203773132281e-09,6.884281513214604e-10,P48+ZTF,7883.058236798149,2.6523992930967752e-08,149538.48539741777,16644.868453908202,380299686992755.6,5.429742404780239e-15,6.043751735614069e-16,2.064929336989217,0.22984368933159538,0.0002619452089482377,2.9156665145347282e-05,3.1341618067582997e+36,3.4885809394225675e+35,2019-12-13T11:15:26.498870552,2019 12 13,3.767326879924524e-08,1.5669217260752617e-08
58831.471383116594,4.263596832777865e-09,7.553841564337924e-10,P48+ZTF,7883.058236798149,1.7352167615091268e-08,97829.04369927371,17669.114098097463,380299686992755.6,3.5521725767206285e-15,6.415655329019189e-16,1.3508901190711053,0.24398717134794023,0.00017136624879480716,3.095082695304813e-05,2.0503889118516306e+36,3.703251535438379e+35,2019-12-14T11:18:47.501273691,2019 12 14,2.4646095952229623e-08,1.025090321104758e-08
58835.5323148001,6.370787120357215e-09,6.871708056218608e-10,P48+ZTF,7883.058236798149,2.5928100214034136e-08,146178.92733308248,16580.643952787916,380299686992755.6,5.307756851464225e-15,6.020431819257292e-16,2.0185382692454987,0.22895683364247746,0.00025606030154933445,2.9044163669082896e-05,3.063749173215548e+36,3.475120191981242e+35,2019-12-18T12:46:31.998728388,2019 12 18,3.6826894478494215e-08,1.531718985409351e-08
58836.52853010005,6.152780904209457e-09,9.526951588103428e-10,P48+ZTF,7883.058236798149,2.5040849249157362e-08,141176.73306314796,22414.07684837434,380299686992755.6,5.126127177522903e-15,8.138551303644723e-16,1.9494645610970178,0.3095088513350572,0.0002472980032034914,3.9262535178323124e-05,2.95890869560105e+36,4.697743420713647e+35,2019-12-19T12:41:05.000644117,2019 12 19,3.5566690399146625e-08,1.4793040712233547e-08
58838.52398149995,8.987419035242186e-09,2.5419976101702578e-09,P48+ZTF,7883.058236798149,3.6577380001705566e-08,206218.04641165998,58773.782141500174,380299686992755.6,7.487777265207374e-15,2.1340760295578715e-15,2.847599350229836,0.8115884460596012,0.00036123028204171196,0.00010295350125299125,4.3221029236056166e+36,1.2318336830620578e+36,2019-12-21T12:34:32.001595795,2019 12 21,5.19525650743006e-08,2.1608319515372488e-08
58862.513136550086,3.806009366389113e-09,7.784240229967147e-10,P48+ZTF,7883.058236798149,1.5489858694533853e-08,87329.6118811815,18122.059528629565,380299686992755.6,3.1709382074057e-15,6.580119814845395e-16,1.2059068077497574,0.2502417505960533,0.00015297448928140343,3.174424735668243e-05,1.8303323952333626e+36,3.798183904530297e+35,2020-01-14T12:18:54.997927397,2020 01 14,2.2000971414080686e-08,9.150732389904659e-09
58867.53488430008,2.4704542461867396e-09,6.002966729616353e-10,P48+ZTF,7883.058236798149,1.0054359698291782e-08,56685.04454953247,13916.802029493761,380299686992755.6,2.0582339675935238e-15,5.053190816909185e-16,0.7827457336336746,0.19217268859852302,9.929467855252094e-05,2.4377935926118128e-05,1.1880560457021e+36,2.9168082903298503e+35,2020-01-19T12:50:14.003527164,2020 01 19,1.4280677743500832e-08,5.93967684052391e-09
58872.48420715006,3.1898901623917852e-09,6.537530007186741e-10,P48+ZTF,7883.058236798149,1.2982350569833252e-08,73192.63906319914,15218.770722613996,380299686992755.6,2.6576247243847606e-15,5.525935649381142e-16,1.010693850827733,0.2101511597801758,0.00012821088218146226,2.6658582680410667e-05,1.534037029183964e+36,3.189686575858006e+35,2020-01-24T11:37:15.497765243,2020 01 24,1.8439440243264982e-08,7.66940604166986e-09
58873.47138309991,3.015016607173457e-09,5.789635582781518e-10,P48+ZTF,7883.058236798149,1.2270642741769611e-08,69180.13193687335,13504.406959766635,380299686992755.6,2.5119305906278714e-15,4.903450167091265e-16,0.9552864173633072,0.18647805637293832,0.00012118220983120817,2.365554722182033e-05,1.4499393030952324e+36,2.8303748298464723e+35,2020-01-25T11:18:47.499832213,2020 01 25,1.7428568298646716e-08,7.248960122643571e-09
58876.45200235001,3.0593554505699964e-09,4.729123464782829e-10,P48+ZTF,7883.058236798149,1.2451094851256418e-08,70197.49516757761,11127.134952884719,380299686992755.6,2.548871049534743e-15,4.040262701392441e-16,0.9693348623229593,0.15365106407080506,0.0001229643157776128,1.949130140299627e-05,1.4712621148971538e+36,2.332124823606031e+35,2020-01-28T10:50:53.003040701,2020 01 28,1.7684872877062967e-08,7.355563352257941e-09
58877.43124999991,2.9013227465406704e-09,8.034956329777447e-10,P48+ZTF,7883.058236798149,1.180792663518559e-08,66571.40458848163,18583.763987662882,380299686992755.6,2.417207700607768e-15,6.747764703920393e-16,0.9192633319376128,0.25661728048016896,0.00011661252578935517,3.2553010871120856e-05,1.3952632536632357e+36,3.8949520694389145e+35,2020-01-29T10:20:59.999991953,2020 01 29,1.6771350951829846e-08,6.975607644267305e-09
58878.451221100055,2.9387585423183114e-09,9.167779379063584e-10,P48+ZTF,7883.058236798149,1.1960284428057558e-08,67430.37607304899,21168.301080210007,380299686992755.6,2.448396955212409e-15,7.686210122224254e-16,0.931124595701295,0.29230633036424336,0.0001181171783502501,3.708032106115317e-05,1.413266349072894e+36,4.43664255280068e+35,2020-01-30T10:49:45.503044724,2020 01 30,1.698775185720876e-08,7.065613977932563e-09
58880.39938080008,2.465041794496998e-09,4.929945144311866e-10,P48+ZTF,7883.058236798149,1.0032331872347511e-08,56560.854811702375,11484.649069053854,380299686992755.6,2.0537246382129134e-15,4.170076076973454e-16,0.7810308370816813,0.1585878626808983,9.907713651483965e-05,2.011755563857305e-05,1.185453165700581e+36,2.4070558412164053e+35,2020-02-01T09:35:06.501127034,2020 02 01,1.424939059114706e-08,5.926663762462806e-09
58881.41907410021,2.80166534428048e-09,7.50932749143116e-10,P48+ZTF,7883.058236798149,1.1402336703508882e-08,64284.746458492285,17377.32791340734,380299686992755.6,2.334179143907855e-15,6.309707765358204e-16,0.8876875978131755,0.23995798881814845,0.00011260700747705327,3.0439707739062937e-05,1.3473374200085786e+36,3.64209636769911e+35,2020-02-02T10:03:28.002258092,2020 02 02,1.619527258542053e-08,6.736002816489051e-09
58886.39969910029,3.184018764520773e-09,9.18312480998639e-10,P48+ZTF,7883.058236798149,1.2958454905212843e-08,73057.91871757845,21226.234701289493,380299686992755.6,2.6527330286352733e-15,7.707245820038215e-16,1.008833540465339,0.2931063172936757,0.00012797489377359918,3.7181802859891886e-05,1.5312134392518104e+36,4.448784801134409e+35,2020-02-07T09:35:34.002265334,2020 02 07,1.8405500112202354e-08,7.65528952604939e-09
58892.42897570017,2.0230013727649875e-09,6.641271138644785e-10,P48+ZTF,7883.058236798149,8.233296974964401e-09,46418.15290283282,15325.32694089658,380299686992755.6,1.6854431319018599e-15,5.564626212239549e-16,0.6409734955063671,0.21162256067463836,8.131025754881527e-05,2.6845236241790447e-05,9.72873314730241e+35,3.212019584563178e+35,2020-02-13T10:17:43.500494510,2020 02 13,1.169413711009195e-08,4.8638724723226455e-09
58896.36676505022,1.7937570659819476e-09,5.57625895741989e-10,P48+ZTF,7883.058236798149,7.300308751142826e-09,41158.0984967327,12876.085536896031,380299686992755.6,1.4944505564163644e-15,4.675306658446949e-16,0.5683390788312929,0.1778017658802521,7.209626794056699e-05,2.255492228260762e-05,8.626283729197336e+35,2.6986855860577912e+35,2020-02-17T08:48:08.500338793,2020 02 17,1.036897026081553e-08,4.312703754293186e-09
58904.3679455996,1.5711859756869352e-09,4.940835766435146e-10,P48+ZTF,7883.058236798149,6.394479467430652e-09,36051.16231757258,11407.204368219027,380299686992755.6,1.3090177037510606e-15,4.1419559061003285e-16,0.49781902300450404,0.15751845346277504,6.315049414206821e-05,1.9981896458341286e-05,7.555926203525071e+35,2.390824285650808e+35,2020-02-25T08:49:50.499805659,2020 02 25,9.08237852553899e-09,3.777579352602278e-09
58906.3997743004,1.6770382806156178e-09,5.206131882707707e-10,P48+ZTF,7883.058236798149,6.825281677303188e-09,38479.96367255203,12021.640414315092,380299686992755.6,1.3972074809503643e-15,4.36505763443781e-16,0.5313575676693602,0.16600300520820374,6.74050034527185e-05,2.1058198508962046e-05,8.064976193081196e+35,2.5196033075361755e+35,2020-02-27T09:35:40.499554574,2020 02 27,9.69426707090533e-09,4.032078493831646e-09
