emag,filter,instrument,mag,mjd,wave,mag0,tmax_rf,tmax_of,mag0_abs,freq,fratio,fratio_unc,fnu,fnu_unc,nufnu,nufnu_unc,flambda,flambda_unc,Llambda,Llambda_unc,datetime64,date
0.15,g,P48,20.83,58580.4421,4814.0,20.749574648487016,-2.700381866245843,-2.75789999999688,-14.08709194683546,622751262982966.2,431356.9291167732,59594.16208463827,1.5662570096230035e-14,2.1638640252932157e-15,9.753885308986494,1.3475490546747553,0.0020261498356847723,0.0002799229444692055,2.424278518118528e+37,3.3492645462512504e+36,2019-04-07T10:36:37.440000018,2019 04 07
0.14,r,P48,20.89,58580.4842,6421.8,20.832741357745384,-2.659159894250588,-2.7157999999981257,-14.003925237577093,466835557008938.3,399549.0432293807,51519.75756816031,1.4507625759658812e-14,1.870682397299901e-15,6.772675552387543,0.8733010589303153,0.0010546381937132179,0.00013599007426738847,1.2618695184219619e+37,1.6271146877563116e+36,2019-04-07T11:37:14.879999910,2019 04 07
0.05,r,P48,19.19,58581.4308,6421.8,19.132741357745385,-1.732301968075179,-1.7691999999951804,-15.703925237577092,466835557008938.3,1912361.9544830017,88067.52257603036,6.943786256727779e-14,3.1977317447356623e-15,32.416063249105235,1.492814880218837,0.005047815760239377,0.00023246050643415195,6.039687241014266e+37,2.781378761501157e+36,2019-04-08T10:20:21.120000165,2019 04 08
0.03,g,P48,18.81,58581.4807,4814.0,18.729574648487016,-1.6834426711025356,-1.7192999999970198,-16.10709194683546,622751262982966.2,2772278.001229383,76600.87199119327,1.006614142246389e-13,2.7813776620002277e-15,62.6870228420454,1.7321064518432516,0.013021816128385003,0.00035980607641114494,1.5580540269502832e+38,4.305062371842078e+36,2019-04-08T11:32:12.480000006,2019 04 08
0.17,i,P48,19.44,58581.5163,7883.1,19.39809195888815,-1.6485851365848747,-1.6836999999941327,-15.438574636434328,380297672235541.8,1497717.3284763286,234506.26839665536,5.4382116196975496e-14,8.514922605482557e-15,20.681392200952537,3.238205246130811,0.0026235100659578767,0.0004107781515052214,3.1390171560633323e+37,4.9149407949387155e+36,2019-04-08T12:23:28.320000255,2019 04 08
0.01,g,LT+IOO,18.59,58582.1544,4795.5,18.509165092090456,-1.0237932047367555,-1.0455999999976484,-16.32750150323202,625153702429360.8,3396257.428113853,31280.68690378102,1.23318107214814e-13,1.1358017414762888e-15,77.09277130192184,0.7100506639096176,0.01607606533248292,0.00014806603355429414,1.9234934729413426e+38,1.7716029589064323e+36,2019-04-09T03:42:20.159999952,2019 04 09
0.02,r,LT+IOO,18.84,58582.1552,6187.6,18.78023852255557,-1.0230098893528152,-1.0447999999960302,-16.056428072766906,484505233046738.6,2645886.6138588623,48739.03259859128,9.607214294921529e-14,1.7697142736548493e-15,46.547456008909144,0.8574358265832825,0.007522699594173693,0.00013857324755693363,9.00087382641704e+37,1.658022231730252e+36,2019-04-09T03:43:29.280000092,2019 04 09
0.02,i,LT+IOO,19.11,58582.1575,7658.7,19.065798537730355,-1.0207578576284395,-1.0424999999959255,-15.770868057592121,391440398501051.06,2033982.5516181695,37467.343222127914,7.385390644925574e-14,1.3604392323954645e-15,28.90940257135601,0.5325308752653446,0.003774714060004441,6.953280259905004e-05,4.516427189411692e+37,8.319566335945885e+35,2019-04-09T03:46:48.000000101,2019 04 09
0.07,z,LT+IOO,19.28,58582.1583,9669.8,19.250916707031333,-1.0199745422444995,-1.0416999999943073,-15.585749888291144,310029636600550.2,1715141.499824804,110579.25899641722,6.227678785863864e-14,4.015132894159909e-15,19.307649908463294,1.244810192079312,0.0019966958891045623,0.00012873174130585037,2.38903701291954e+37,1.5402690835166752e+36,2019-04-09T03:47:57.120000240,2019 04 09
0.02,g,P48,18.5,58582.4396,4814.0,18.419574648487018,-0.7445412709284327,-0.7603999999992084,-16.41709194683546,622751262982966.2,3688389.5145991016,67942.64570777149,1.3392542327509338e-13,2.466997465649183e-15,83.40222649009274,1.5363257875088057,0.017324932798108175,0.00031913705598438005,2.0729198636045584e+38,3.8184595015256856e+36,2019-04-09T10:33:01.439999817,2019 04 09
0.02,r,P48,18.76,58582.4516,6421.8,18.702741357745385,-0.7327915401907016,-0.7483999999967637,-16.133925237577092,466835557008938.3,2841646.7891199393,52345.06828945574,1.03180194912945e-13,1.9006494295901378e-15,48.1681837644755,0.8872907351414329,0.007500729353837787,0.000138168540773838,8.974586539689186e+37,1.653179934565867e+36,2019-04-09T10:50:18.240000028,2019 04 09
0.19,UVW1,Swift,18.61,58582.8261,2614.2,18.464416345113438,-0.3661020268272637,-0.3738999999986845,-16.37225025020904,1146784706602402.2,3539159.2112723314,619340.3583622259,1.2850687096129835e-13,2.2488248412132422e-14,147.3697143117453,25.78917935730922,0.056372777259484856,0.009865036859195632,6.744975643455415e+38,1.1803469080613554e+38,2019-04-09T19:49:35.039999862,2019 04 09
0.1,U,Swift,18.8,58582.828,3475.5,18.691024430253528,-0.3642416527912962,-0.37199999999575084,-16.14564216506895,862587995971802.6,2872479.024324685,264565.095253924,1.0429971337322931e-13,9.606358608669981e-15,89.9676807390473,8.286329620839114,0.02588625542772185,0.002384212234452342,3.0972779921158166e+38,2.8526984534017634e+37,2019-04-09T19:52:19.200000116,2019 04 09
0.4,B,Swift,18.68,58582.8289,4359.1,18.588642412260924,-0.363360422987035,-0.3710999999966589,-16.248024183061553,687739345277694.9,3156528.1972032534,1162907.963599293,1.1461353884045012e-13,4.222518815829033e-14,78.82424016209082,29.039923258210067,0.01808268683032984,0.006661908021887561,2.163584768538e+38,7.970940856743316e+37,2019-04-09T19:53:36.960000037,2019 04 09
0.11,UVW2,Swift,18.68,58582.8299,2079.0,18.469997072630104,-0.36238127876245285,-0.37010000000009313,-16.366669522692373,1442003164983165.0,3521014.463689926,356727.1583175894,1.278480351765812e-13,1.2952763118511671e-14,184.3572713615091,18.67792541217104,0.08867593620082208,0.008984091107345377,1.0610033049853271e+39,1.074942173217717e+38,2019-04-09T19:55:03.359999741,2019 04 09
0.11,V,Swift,18.29,58582.8337,5430.1,18.220860629425538,-0.35866053069051773,-0.3662999999942258,-16.61580596589694,552093806743890.44,4429170.3743152125,448735.8338420789,1.6082317629138538e-13,1.6293598126805886e-14,88.78947961135474,8.995594615383384,0.016351352573866915,0.0016566167502225343,1.9564314587627998e+38,1.9821339614612e+37,2019-04-09T20:00:31.680000247,2019 04 09
0.07,UVM2,Swift,18.55,58582.8346,2255.1,18.344709041521213,-0.35777930088625653,-0.36539999999513384,-16.491957553801264,1329397623165270.0,3951691.397284896,254774.95969802837,1.4348591463541458e-13,9.25087878663541e-15,190.74983387401497,12.29809627114313,0.08458597573234666,0.005453459390334411,1.0120671249997638e+39,6.525037890374634e+37,2019-04-09T20:01:49.440000169,2019 04 09
0.02,g,LT+IOO,18.48,58583.1637,4795.5,18.399165092090456,-0.035542935474156004,-0.03629999999975553,-16.43750150323202,625153702429360.8,3758379.2464616057,69231.9042137655,1.364667504390209e-13,2.5138104420018257e-15,85.3126942954575,1.5715179050230292,0.01779015624970441,0.00032770678866083394,2.1285836254826892e+38,3.9209959401821295e+36,2019-04-10T03:55:43.679999770,2019 04 10
0.01,r,LT+IOO,18.63,58583.1645,6187.6,18.57023852255557,-0.034759620090215756,-0.035499999998137355,-16.266428072766907,484505233046738.6,3210489.3168508797,29569.699368789894,1.1657286709485543e-13,1.073675784080761e-15,56.480164138719424,0.5202015359826889,0.009127959812967778,8.407161677915329e-05,1.0921559945416484e+38,1.0059128449022742e+36,2019-04-10T03:56:52.799999909,2019 04 10
0.04,g,P48,18.52,58583.4082,4814.0,18.439574648487017,0.2038578282590257,0.20820000000094296,-16.39709194683546,622751262982966.2,3621068.8190141465,133405.10533388046,1.3148100881840366e-13,4.8439393746732e-15,81.87996429993541,3.016569363390655,0.017008717137502162,0.0006266242965082374,2.0350848121390415e+38,7.497529522255914e+36,2019-04-10T09:47:48.479999830,2019 04 10
0.14,UVW1,Swift,18.49,58583.5747,2614.2,18.344416345113437,0.366885342211204,0.3747000000003027,-16.49225025020904,1146784706602402.2,3952756.8511141054,509687.3040899038,1.4352460126395316e-13,1.8506746011504407e-14,164.5918177507093,21.22325329496826,0.06296068309643842,0.008118450499184554,7.533215403350394e+38,9.71368691443794e+37,2019-04-10T13:47:34.079999775,2019 04 10
0.1,U,Swift,19.22,58583.5766,3475.5,19.111024430253526,0.36874571624717156,0.37660000000323635,-15.725642165068951,862587995971802.6,1950998.1879379952,179693.57376017695,7.084074420402861e-14,6.524673663232025e-15,61.10637557610413,5.628105179537313,0.01758203872136502,0.0016193656105703677,2.1036824634703257e+38,1.9375631523119053e+37,2019-04-10T13:50:18.240000028,2019 04 10
0.29,B,Swift,18.46,58583.5775,4359.1,18.368642412260925,0.36962694605143276,0.3775000000023283,-16.46802418306155,687739345277694.9,3865535.5637319973,1032484.0495965652,1.4035759631910883e-13,3.7489495840851284e-14,96.5294413972549,25.783001324377928,0.022144351218658643,0.005914753349172518,2.6495609560347514e+38,7.076973889999816e+37,2019-04-10T13:51:35.999999950,2019 04 10
0.1,UVW2,Swift,18.87,58583.5785,2079.0,18.659997072630105,0.3706060902831391,0.37850000000617,-16.17666952269237,1442003164983165.0,2955750.7542237453,272234.7050112602,1.073233098858642e-13,9.884842138958857e-15,154.76055253188517,14.253973649737631,0.07443990020773697,0.006856168181691982,8.906698201000177e+38,8.203372202167959e+37,2019-04-10T13:53:02.400000282,2019 04 10
0.11,V,Swift,18.51,58583.5823,5430.1,18.44086062942554,0.37432683834795,0.3823000000047614,-16.395805965896937,552093806743890.44,3616782.447409533,366429.77131233935,1.3132537066544014e-13,1.3305064996351043e-14,72.50392381273528,7.3456439828103335,0.013352226259688639,0.0013527640343290793,1.5975874399970736e+38,1.6185756506003843e+37,2019-04-10T13:58:30.720000160,2019 04 10
0.09,UVM2,Swift,18.85,58583.5833,2255.1,18.644709041521214,0.37530598257253217,0.38330000000132713,-16.191957553801263,1329397623165270.0,2997664.4774160627,248485.59142185646,1.0884519717497724e-13,9.022511824527608e-15,144.6985464173699,11.994505774507546,0.06416502435252092,0.005318835428365725,7.677314254490787e+38,6.363960968383625e+37,2019-04-10T13:59:57.119999863,2019 04 10
0.01,g,LT+IOO,18.58,58584.2324,4795.5,18.499165092090454,1.0108685009338003,1.0324000000036904,-16.337501503232023,625153702429360.8,3427682.611183287,31570.12353610217,1.2445915561206515e-13,1.1463111855958699e-15,77.80610193211449,0.7166206818114482,0.016224815333565738,0.00014943607169459874,1.941291338915717e+38,1.787995399258313e+36,2019-04-11T05:34:39.360000067,2019 04 11
0.02,r,LT+IOO,18.68,58584.2332,6187.6,18.62023852255557,1.0116518163177406,1.0332000000053085,-16.216428072766906,484505233046738.6,3065993.4950936115,56477.68733615411,1.1132622380684904e-13,2.0507048271757556e-15,53.93813800975077,0.9935772202008614,0.008717133946885832,0.00016057554143785333,1.043000877566141e+38,1.9212786181308033e+36,2019-04-11T05:35:48.480000207,2019 04 11
0.02,i,LT+IOO,18.85,58584.2355,7658.7,18.805798537730357,1.013903848042116,1.0355000000054133,-16.03086805759212,391440398501051.06,2584325.560532037,47605.03608899641,9.383686110291828e-14,1.7285388603914595e-15,36.731538304214105,0.6766199403361856,0.004796053939208234,8.834657844493003e-05,5.738455434926278e+37,1.0570625553017531e+36,2019-04-11T05:39:07.200000216,2019 04 11
0.07,z,LT+IOO,19.15,58584.2363,9669.8,19.12091670703133,1.0146871634189323,1.0362999999997555,-15.715749888291146,310029636600550.2,1933303.1355835707,124644.65944653454,7.019823685303946e-14,4.525847584503669e-15,21.763533861547174,1.4031468819331503,0.002250670526954764,0.00014510609132899858,2.6929164436720477e+37,1.736187392765783e+36,2019-04-11T05:40:16.319999727,2019 04 11
0.02,r,P48,18.69,58584.4009,6421.8,18.632741357745385,1.175854303342267,1.2009000000034575,-16.203925237577092,466835557008938.3,3030889.4431817406,55831.0468030664,1.10051595681929e-13,2.027225309419341e-15,51.37599796989579,0.9463808565053953,0.008000248835201312,0.00014737002966542018,9.572259192877757e+37,1.763275305903643e+36,2019-04-11T09:37:17.760000047,2019 04 11
0.02,g,P48,18.65,58584.4691,4814.0,18.569574648487016,1.2426319396895942,1.2691000000049826,-16.26709194683546,622751262982966.2,3212452.972791602,59175.5706167548,1.1664416744206307e-13,2.1486649690943668e-15,72.64030259414137,1.338083823230773,0.015089385665588154,0.00027795675596817054,1.805437726096297e+38,3.3257391955507197e+36,2019-04-11T11:15:30.240000179,2019 04 11
0.03,r,P48,18.75,58585.4191,6421.8,18.692741357745383,2.172818956234282,2.219100000002072,-16.143925237577093,466835557008938.3,2867940.2231298448,79244.11686452158,1.0413490950184467e-13,2.8773538833507788e-15,48.61387848136904,1.3432511028458924,0.007570132748040899,0.00020917049781150028,9.057627366526285e+37,2.5027149302470008e+36,2019-04-12T10:03:30.239999928,2019 04 12
0.03,r,P48,18.92,58586.4101,6421.8,18.862741357745385,3.143150886129322,3.2101000000038766,-15.973925237577092,466835557008938.3,2452280.2193413987,67759.00652279609,8.904229476428619e-14,2.4603295268427258e-15,41.568109273639614,1.1485693050891614,0.006472968524968017,0.00017885472999613214,7.744875658829971e+37,2.1399882286937196e+36,2019-04-13T09:50:32.640000083,2019 04 13
0.02,g,P48,19.04,58586.448,4814.0,18.959574648487017,3.180260452364234,3.2479999999995925,-15.87709194683546,622751262982966.2,2243038.7621771335,41318.300934375075,8.144473745465172e-14,1.500267506927159e-15,50.71981311320045,0.9342934847511943,0.010535898029331211,0.00019407841394914713,1.2606151239038373e+38,2.322138873843054e+36,2019-04-13T10:45:07.199999713,2019 04 13
0.08,i,P48,18.98,58586.5159,7883.1,18.938091958888148,3.246744345443474,3.3159000000014203,-15.89857463643433,380297672235541.8,2287862.155815443,168575.91343378753,8.307227487765874e-14,6.120991416780825e-15,31.592192763284697,2.327798787575479,0.004007584930203181,0.0002952897702141897,4.795056063829351e+37,3.533127876046135e+36,2019-04-13T12:22:53.759999871,2019 04 13
0.05,r,P48,19.02,58587.4222,6421.8,18.962741357745383,4.13414275923215,4.222200000003795,-15.873925237577094,466835557008938.3,2236506.141177448,102994.91402129657,8.120753798615313e-14,3.739745328113278e-15,37.910566229090314,1.7458460933213371,0.005903417457580478,0.0002718624207109124,7.06341055031669e+37,3.2528207677712164e+36,2019-04-14T10:07:58.080000076,2019 04 14
0.03,g,P48,19.18,58587.4658,4814.0,19.099574648487017,4.176833447567841,4.265800000001036,-15.73709194683546,622751262982966.2,1971681.578078175,54479.57531776538,7.159175810001854e-14,1.978153379788061e-15,44.58385777595755,1.2318975156370382,0.009261291602816276,0.0002558989438381882,1.1081090789690282e+38,3.0618185359745345e+36,2019-04-14T11:10:45.119999838,2019 04 14
0.03,r,P48,19.1,58588.43,6421.8,19.042741357745385,5.120924312154314,5.230000000003201,-15.793925237577092,466835557008938.3,2077639.0289807478,57407.28788104433,7.543907314229096e-14,2.0844586229607194e-15,35.217641730619434,0.973099402311952,0.005484076385222123,0.0001515306304014376,6.561670977270964e+37,1.813056693287495e+36,2019-04-15T10:19:12.000000025,2019 04 15
0.04,g,P48,19.39,58588.4794,4814.0,19.30957464848702,5.169294037011104,5.279399999999441,-15.527091946835458,622751262982966.2,1624937.9391632068,59864.926012122654,5.900149657101604e-14,2.1736954635001737e-15,36.74325650748539,1.3536715952350773,0.007632583404130742,0.00028119476427816313,9.132349275703278e+37,3.3644818089998944e+36,2019-04-15T11:30:20.159999700,2019 04 15
0.2,r,P48,18.99,58589.3489,6421.8,18.932741357745382,6.020659943209771,6.14890000000014,-15.903925237577095,466835557008938.3,2299164.763990367,423521.80095211137,8.348267258049023e-14,1.5378076592571163e-14,38.97267995470798,7.179032951819075,0.006068809361037089,0.0011179159973557374,7.261301166084051e+37,1.337581105661233e+37,2019-04-16T08:22:24.959999761,2019 04 16
0.14,g,LT+IOO,19.47,58590.0252,4795.5,19.389165092090455,6.682855184568014,6.825199999999313,-15.447501503232022,625153702429360.8,1510082.2449136397,194717.20051465533,5.483108631281426e-14,7.070181550687135e-15,34.27785661667968,4.419950173259822,0.007147921304698088,0.0009216870343571727,8.55245340842468e+37,1.102794096698828e+37,2019-04-17T00:36:17.279999689,2019 04 17
0.04,r,LT+IOO,19.16,58590.026,6187.6,19.10023852255557,6.683638499951954,6.826000000000931,-15.736428072766905,484505233046738.6,1970476.3606705433,72595.03190683443,7.154799665594743e-14,2.635925608537158e-15,34.665378793817084,1.277119751258162,0.005602394917870754,0.0002063998563672768,6.703238531626311e+37,2.4695643388329666e+36,2019-04-17T00:37:26.399999829,2019 04 17
0.07,i,LT+IOO,19.24,58590.0268,7658.7,19.195798537730354,6.684421815335894,6.8268000000025495,-15.640868057592122,391440398501051.06,1804459.8490483728,116337.82578110194,6.551993711894642e-14,4.2242264541118115e-15,25.64715029560419,1.6535328865562093,0.003348760272057163,0.00021590255350858624,4.006775534018297e+37,2.5832636523690603e+36,2019-04-17T00:38:35.519999969,2019 04 17
0.21,z,LT+IOO,19.28,58590.0277,9669.8,19.250916707031333,6.685303045140156,6.8277000000016415,-15.585749888291144,310029636600550.2,1715141.499824804,331737.77698925167,6.227678785863864e-14,1.2045398682479729e-14,19.307649908463294,3.734430576237936,0.0019966958891045623,0.0003861952239175512,2.38903701291954e+37,4.620807250550027e+36,2019-04-17T00:39:53.279999890,2019 04 17
0.07,g,LT+IOO,19.44,58591.0676,4795.5,19.359165092090457,7.703515127783256,7.867600000005041,-15.47750150323202,625153702429360.8,1552389.15928263,100086.22782731282,5.6367250373552296e-14,3.634130932409728e-15,35.238195266788985,2.2718904075090065,0.007348179598955059,0.00047375464654551277,8.792061492827854e+37,5.66845152442027e+36,2019-04-18T01:37:20.640000184,2019 04 18
0.09,r,LT+IOO,19.31,58591.0685,6187.6,19.25023852255557,7.704396357587518,7.868500000004133,-15.586428072766907,484505233046738.6,1716213.1650132106,142262.16660574378,6.231570002162968e-14,5.165539269454557e-15,30.192282761450343,2.50273080755916,0.004879481990020419,0.00040447520970314174,5.838276695837185e+37,4.8395263998993245e+36,2019-04-18T01:38:38.400000106,2019 04 18
0.06,i,LT+IOO,19.22,58591.0693,7658.7,19.175798537730355,7.705179672971458,7.869300000005751,-15.660868057592122,391440398501051.06,1838007.2623301046,101572.03495334629,6.67380436952061e-14,3.688080589156004e-15,26.123966419232033,1.4436637355232174,0.0034110183737751884,0.00018849984142520497,4.081267052816973e+37,2.255391522322585e+36,2019-04-18T01:39:47.520000245,2019 04 18
0.12,z,LT+IOO,19.1,58591.0701,9669.8,19.070916707031333,7.705962988348274,7.870100000000093,-15.765749888291143,310029636600550.2,2024416.9053058738,223746.8250317973,7.350657783165628e-14,8.12424721690456e-15,22.789217612898454,2.518757412309952,0.0023567413610310925,0.0002604766812457292,2.8198296856847005e+37,3.116590943539045e+36,2019-04-18T01:40:56.639999757,2019 04 18
0.15,g,P48,19.68,58591.374,4814.0,19.599574648487017,8.003524919226813,8.174000000006345,-15.23709194683546,622751262982966.2,1244046.9726647215,171871.44085452953,4.517134557745604e-14,6.240652017427968e-15,28.130512509000777,3.8863739256904632,0.005843479956169667,0.0008073065902971465,6.991695618606904e+37,9.659384463693624e+36,2019-04-18T08:58:33.600000297,2019 04 18
0.05,r,P48,19.31,58591.4525,6421.8,19.252741357745382,8.080387741116546,8.252500000002328,-15.583925237577095,466835557008938.3,1712261.5130216428,78852.5567038213,6.217221553781586e-14,2.8631363339157518e-15,29.024200871076033,1.3366138452360896,0.004519636374704293,0.00020813694684295518,5.407723150543632e+37,2.490348542696113e+36,2019-04-18T10:51:35.999999950,2019 04 18
0.12,r,LT+IOO,19.26,58592.0472,6187.6,19.200238522555573,8.662684813476739,8.847200000003795,-15.636428072766904,484505233046738.6,1797095.7996261204,198622.36794726335,6.525254848442443e-14,7.211978180165133e-15,31.61520121033967,3.4942411689089017,0.00510944489145059,0.000564716718745378,6.113426199631388e+37,6.756808336507429e+36,2019-04-19T01:07:58.080000076,2019 04 19
0.13,g,LT+IOO,19.4,58592.0472,4795.5,19.319165092090454,8.662684813476739,8.847200000003795,-15.517501503232022,625153702429360.8,1610647.865163567,192849.9957481923,5.848262398408912e-14,7.0023833456168626e-15,36.56062891143745,4.377565874342076,0.007623945138450099,0.0009128486861311805,9.122013632428256e+37,1.092219055622124e+37,2019-04-19T01:07:58.080000076,2019 04 19
0.1,i,LT+IOO,19.27,58592.0489,7658.7,19.225798537730356,8.664349358664941,8.848900000004505,-15.610868057592121,391440398501051.06,1755283.3085788044,161667.5672125929,6.373433693449639e-14,5.870149365489248e-15,24.948194247839524,2.2978136068878032,0.0032574972577381965,0.0003000265850454781,3.897579777013761e+37,3.5898036373227767e+36,2019-04-19T01:10:24.960000138,2019 04 19
0.17,z,LT+IOO,19.33,58592.0497,9669.8,19.30091670703133,8.665132674048882,8.849700000006123,-15.535749888291146,310029636600550.2,1637947.4163103788,256462.90466549856,5.947387068622986e-14,9.312168068404252e-15,18.438662516079958,2.887048082210618,0.001906829770634342,0.00029856337072231256,2.281512635068965e+37,3.572296348431406e+36,2019-04-19T01:11:34.080000278,2019 04 19
0.13,r,P48,19.46,58592.388,6421.8,19.402741357745384,8.996377166358485,9.18800000000192,-15.433925237577093,466835557008938.3,1491317.4343249556,178562.03524633602,5.414973604033914e-14,6.483587499794461e-15,25.279022186278702,3.026769181882737,0.003936438722208524,0.0004713272263045777,4.709929968686074e+37,5.639407558170082e+36,2019-04-19T09:18:43.199999915,2019 04 19
0.1,g,P48,19.5,58592.4784,4814.0,19.419574648487018,9.084891804565627,9.278400000002875,-15.417091946835459,622751262982966.2,1468374.3135562344,135242.272213198,5.331667132522687e-14,4.91064690406122e-15,33.203024405832736,3.058111561567518,0.006897179976284324,0.0006352537518835726,8.252442616837516e+37,7.600780540127536e+36,2019-04-19T11:28:53.759999997,2019 04 19
0.06,r,LT+IOO,19.41,58593.1109,6187.6,19.35023852255557,9.704200528740413,9.910900000002584,-15.486428072766905,484505233046738.6,1565205.0091373606,86496.4253164631,5.6832593881777565e-14,3.140685203240775e-15,27.53568914334129,1.5216784163226154,0.004450140465340566,0.0002459238503333466,5.324571629762517e+37,2.942467022704844e+36,2019-04-20T02:39:41.759999972,2019 04 20
0.08,i,LT+IOO,19.41,58593.1117,7658.7,19.365798537730356,9.704983844124353,9.911700000004203,-15.47086805759212,391440398501051.06,1542933.5516581822,113687.54545691164,5.6023917260708595e-14,4.1279947755404614e-15,21.930024498121686,1.615863919947815,0.0028634134380667326,0.0002109840991222812,3.4260603851397923e+37,2.524414582566504e+36,2019-04-20T02:40:50.880000112,2019 04 20
0.12,z,LT+IOO,19.46,58593.1125,9669.8,19.430916707031333,9.705767159508293,9.91250000000582,-15.405749888291144,310029636600550.2,1453114.8977817928,160604.1936979163,5.2762601938456896e-14,5.83153827317134e-15,16.357970305079277,1.8079496916535107,0.001691655494951217,0.00018696867480749455,2.024057650741996e+37,2.237071187500353e+36,2019-04-20T02:42:00.000000251,2019 04 20
0.06,r,P48,19.44,58593.4315,6421.8,19.382741357745385,10.01811416821863,10.231500000001688,-15.453925237577092,466835557008938.3,1519043.0954583609,83945.42369323087,5.5156454796093084e-14,3.0480583343012128e-15,25.74899429737244,1.4229420102892434,0.004009622582044355,0.00022157993246274305,4.797494104441632e+37,2.6511932180673884e+36,2019-04-20T10:21:21.599999894,2019 04 20
0.17,g,P48,19.78,58593.4841,4814.0,19.69957464848702,10.069617154611182,10.2841000000044,-15.137091946835458,622751262982966.2,1134584.323738131,177648.43263972228,4.119675679493154e-14,6.4504145891483156e-15,25.655332324845713,4.017003832155865,0.005329317059585731,0.0008344420091723857,6.376502189646717e+37,9.984058443380609e+36,2019-04-20T11:37:06.240000129,2019 04 20
0.2,g,LT+IOO,19.69,58594.1142,4795.5,19.609165092090457,10.68657593264127,10.914200000006531,-15.22750150323202,625153702429360.8,1233106.540498084,227146.61905794774,4.4774098485485425e-14,8.247693737994083e-15,27.990693441138045,5.156076276810455,0.005836866529274955,0.0010751905488083527,6.983782685185286e+37,1.2864603122894056e+37,2019-04-21T02:44:26.880000313,2019 04 21
0.08,r,LT+IOO,19.5,58594.115,6187.6,19.44023852255557,10.687359248018087,10.915000000000873,-15.396428072766906,484505233046738.6,1440692.2803664005,106154.13018762472,5.2311536700104e-14,3.854456467112654e-15,25.34521327991691,1.867504328866925,0.004096129885564178,0.0003018140036309595,4.900999676383989e+37,3.611190014595333e+36,2019-04-21T02:45:35.999999824,2019 04 21
0.08,i,LT+IOO,19.48,58594.1158,7658.7,19.435798537730356,10.688142563402026,10.915800000002491,-15.40086805759212,391440398501051.06,1446595.8772459202,106589.12328105922,5.2525896302799366e-14,3.870251066335261e-15,20.56075778039267,1.5149726197053923,0.0026846276496523785,0.00019781067540253469,3.2121440505409156e+37,2.3667952023440083e+36,2019-04-21T02:46:45.119999964,2019 04 21
0.16,z,LT+IOO,19.52,58594.1167,9669.8,19.49091670703133,10.689023793206289,10.916700000001583,-15.345749888291145,310029636600550.2,1374991.3160153907,202626.20846421144,4.9925934684518837e-14,7.357357629335518e-15,15.478519387184178,2.280998912163176,0.001600707293551488,0.00023588894415222406,1.9152385658788252e+37,2.822399853644722e+36,2019-04-21T02:48:02.879999885,2019 04 21
0.1,g,LT+IOO,19.82,58595.0926,4795.5,19.739165092090456,11.644570645262405,11.892600000006496,-15.09750150323202,625153702429360.8,1093957.8808862076,100757.2443556775,3.97216106549782e-14,3.65849554255465e-15,24.832111967417166,2.2871220337493523,0.005178211232909429,0.00047693087973086273,6.195704795928747e+37,5.706455001478898e+36,2019-04-22T02:13:20.640000310,2019 04 22
0.07,r,LT+IOO,19.6,58595.0935,6187.6,19.540238522555573,11.645451875066668,11.893500000005588,-15.296428072766904,484505233046738.6,1313926.9758705406,84712.00270182312,4.770868849385933e-14,3.0758928181031976e-15,23.11510923707157,1.4902861666618794,0.0037357148550442127,0.0002408504374332341,4.469764828542004e+37,2.881763881749174e+36,2019-04-22T02:14:38.400000231,2019 04 22
0.07,i,LT+IOO,19.45,58595.0943,7658.7,19.405798537730355,11.646235190443482,11.89429999999993,-15.430868057592122,391440398501051.06,1487124.138611371,95878.4364439483,5.3997477472978876e-14,3.481346027279763e-15,21.13679410007438,1.3627394762384415,0.002759840978243616,0.00017793352347505992,3.3021364358860506e+37,2.1289660370450386e+36,2019-04-22T02:15:47.519999743,2019 04 22
0.11,z,LT+IOO,19.55,58595.0951,9669.8,19.520916707031333,11.647018505827424,11.895100000001548,-15.315749888291144,310029636600550.2,1337518.9853714057,135509.0562017597,4.856531435883574e-14,4.920333830685895e-15,15.056686762061327,1.5254493094809412,0.0015570835758817482,0.0001577539669363318,1.863042997829202e+37,1.887518615139722e+36,2019-04-22T02:16:56.639999882,2019 04 22
0.11,g,LT+IOO,20.1,58596.138,4795.5,20.019165092090457,12.668168021151395,12.93800000000192,-14.81750150323202,625153702429360.8,845280.0154732076,85638.4831735129,3.069211736183217e-14,3.1095333240302533e-15,19.187290804145842,1.94393627034499,0.004001103285193586,0.00040536675432071526,4.787300806798462e+37,4.850193688301503e+36,2019-04-23T03:18:43.199999915,2019 04 23
0.06,r,LT+IOO,19.75,58596.1388,6187.6,19.69023852255557,12.668951336535335,12.938800000003539,-15.146428072766906,484505233046738.6,1144382.5558443435,63240.917130470676,4.155253060270811e-14,2.2962777010073903e-15,20.132418523346832,1.1125585626666148,0.0032536716212015694,0.0001798045385394361,3.8930024213263716e+37,2.1513526421605992e+36,2019-04-23T03:19:52.320000054,2019 04 23
0.08,i,LT+IOO,19.66,58596.1396,7658.7,19.615798537730356,12.669734651919276,12.939600000005157,-15.22086805759212,391440398501051.06,1225595.6843855085,90305.22729292503,4.4501379300037815e-14,3.278982803006108e-15,17.41963764705323,1.2835263350868045,0.002274490141545331,0.0001675906270106943,2.7214164977868806e+37,2.0052137790822834e+36,2019-04-23T03:21:01.440000194,2019 04 23
0.16,z,LT+IOO,19.71,58596.1405,9669.8,19.680916707031333,12.670615881723537,12.94050000000425,-15.155749888291144,310029636600550.2,1154250.191606567,170096.59422584335,4.191082445723445e-14,6.1762073363403724e-15,12.993597676105848,1.9148073160552577,0.0013437297230662318,0.00019801932987810065,1.607766140694067e+37,2.369291743092945e+36,2019-04-23T03:22:19.200000116,2019 04 23
0.16,i,P48,19.66,58596.3822,7883.1,19.618091958888147,12.90727504161649,13.182200000002922,-15.21857463643433,380297672235541.8,1223009.567712056,180229.35034898383,4.4407477403624756e-14,6.544127711171603e-15,16.888060286450916,2.488716535370665,0.002142312070943019,0.00031570277370205436,2.5632660730335e+37,3.777368479452368e+36,2019-04-23T09:10:22.080000001,2019 04 23
0.05,r,P48,19.68,58596.3929,6421.8,19.622741357745383,12.917751884854427,13.192900000001828,-15.213925237577094,466835557008938.3,1217783.5269694864,56081.003913873035,4.421771986426205e-14,2.0363012521127298e-15,20.64240388249797,0.9506178292680447,0.00321442646648883,0.0001480298092852541,3.846045782762582e+37,1.7711695372723474e+36,2019-04-23T09:25:46.559999906,2019 04 23
0.08,g,P48,20.11,58596.4781,4814.0,20.029574648487017,13.001174973076644,13.278100000003178,-14.80709194683546,622751262982966.2,837214.5719245329,61688.24937442627,3.039926110657979e-14,2.239900334785418e-15,18.931178247871525,1.3949007624435878,0.003932525601967496,0.0002897591945250494,4.705247939167791e+37,3.4669548043419877e+36,2019-04-23T11:28:27.840000023,2019 04 23
0.07,g,LT+IOO,20.12,58597.1508,4795.5,20.039165092090457,13.659845295217842,13.950800000005984,-14.79750150323202,625153702429360.8,829851.916466722,53502.5302629668,3.013192308690668e-14,1.9426768738483246e-15,18.837083279096444,1.2144716403101763,0.003928074920049305,0.00025325234914194065,4.699922719692301e+37,3.030152157924508e+36,2019-04-24T03:37:09.120000266,2019 04 24
0.05,r,LT+IOO,19.77,58597.1516,6187.6,19.71023852255557,13.660628610594658,13.951600000000326,-15.126428072766906,484505233046738.6,1123495.2202281367,51738.8669229474,4.079411144648365e-14,1.8786382579722204e-15,19.764960473313188,0.9102100669893497,0.003194285421377139,0.0001471022798806241,3.8219471193089847e+37,1.760071692626481e+36,2019-04-24T03:38:18.239999777,2019 04 24
0.07,i,LT+IOO,19.69,58597.1539,7658.7,19.645798537730357,13.662880642319035,13.95390000000043,-15.19086805759212,391440398501051.06,1192194.7994590316,76863.63924902298,4.328859316835744e-14,2.7909187411320243e-15,16.944904160371713,1.0924783442127715,0.002212503970696295,0.00014264540251123187,2.6472503429630165e+37,1.7067453695964046e+36,2019-04-24T03:41:36.959999786,2019 04 24
0.15,z,LT+IOO,19.95,58597.1547,9669.8,19.92091670703133,13.663663957702974,13.954700000002049,-14.915749888291145,310029636600550.2,925337.0582720101,127840.03898232558,3.3598988585856686e-14,4.641871815448242e-15,10.416682221419181,1.4391178320897546,0.001077238642104199,0.0001488260183343766,1.288910846051902e+37,1.7806961401904723e+36,2019-04-24T03:42:46.079999926,2019 04 24
0.06,r,P48,19.85,58597.405,6421.8,19.792741357745385,13.908743757957255,14.205000000001746,-15.043925237577092,466835557008938.3,1041286.1574109136,57543.59960629011,3.7809100375590274e-14,2.089408101704394e-15,17.650632433845544,0.9754099949781593,0.0027485490725101284,0.0001518904349213864,3.288625725070796e+37,1.8173617370363405e+36,2019-04-24T09:43:11.999999899,2019 04 24
0.18,g,P48,20.53,58597.4728,4814.0,20.44957464848702,13.975129736616175,14.2728000000061,-14.387091946835458,622751262982966.2,568639.1785311836,94272.4868960364,2.064728857246728e-14,3.4230339991950814e-15,12.858125035677764,2.1316987462323707,0.002670985674216403,0.00044281236938769643,3.195821492647284e+37,5.2982286687645235e+36,2019-04-24T11:20:49.920000276,2019 04 24
0.17,g,LT+IOO,20.37,58598.1207,4795.5,20.289165092090457,14.60951728189797,14.920700000002398,-14.54750150323202,625153702429360.8,659174.8078895737,103210.81387001475,2.3934637274470423e-14,3.747584651620236e-15,14.962827108438969,2.3428164201278365,0.00312018081710749,0.0004885447649104027,3.7332813172737326e+37,5.845414578193216e+36,2019-04-25T02:53:48.479999956,2019 04 25
0.06,r,LT+IOO,19.89,58598.1218,6187.6,19.83023852255557,14.610594340549998,14.921800000003714,-15.006428072766905,484505233046738.6,1005938.0344556548,55590.190142719715,3.652561003108483e-14,2.018479804082153e-15,17.696849200285047,0.9779640278769588,0.002860050617409827,0.00015805223800455083,3.422036786423034e+37,1.8910874141027826e+36,2019-04-25T02:55:23.520000069,2019 04 25
0.08,i,LT+IOO,19.73,58598.1247,7658.7,19.685798537730356,14.613433858810547,14.924700000003213,-15.15086805759212,391440398501051.06,1149071.9495321761,84666.75013665266,4.172280248751332e-14,3.074249697461858e-15,16.33199043229286,1.2033855266662055,0.002132475541840372,0.00015712660460211336,2.5514967133462702e+37,1.880012255031816e+36,2019-04-25T02:59:34.080000026,2019 04 25
0.3,z,LT+IOO,20.13,58598.1257,9669.8,20.10091670703133,14.614413003035128,14.925699999999779,-14.735749888291146,310029636600550.2,783970.923088263,216619.17130125794,2.846598421733483e-14,7.865442109948676e-15,8.825298742377313,2.4385201590500527,0.0009126661091622695,0.00025217896534055026,1.0920006031583235e+37,3.017309172447436e+36,2019-04-25T03:01:00.479999729,2019 04 25
0.09,r,P48,19.96,58598.361,6421.8,19.902741357745384,14.844805639870808,15.161000000000058,-14.933925237577093,466835557008938.3,940957.6881386886,77998.86525046625,3.4166173656315785e-14,2.8321387972444293e-15,15.949984709710295,1.3221430929382278,0.002483724922873695,0.0002058835673702432,2.9717649057298443e+37,2.463386965853902e+36,2019-04-25T08:39:50.399999754,2019 04 25
0.08,g,LT+IOO,20.42,58599.1894,4795.5,20.339165092090457,15.655928718305926,15.989400000005844,-14.49750150323202,625153702429360.8,629507.0544266467,46383.79390263642,2.285740114623154e-14,1.6841955566047283e-15,14.289388954479762,1.052881087826524,0.002979749547383956,0.0002195560604371857,3.565255979528751e+37,2.6269776867746523e+36,2019-04-26T04:32:44.160000253,2019 04 26
0.12,z,LT+IOO,20.17,58599.1918,9669.8,20.140916707031334,15.658278664450624,15.991800000003423,-14.695749888291143,310029636600550.2,755613.9293497403,83513.53774940966,2.743634177468907e-14,3.0323765556810647e-15,8.506079070055346,0.9401266015938285,0.0008796540848885547,9.722296237707384e-05,1.0525018751388694e+37,1.1632680614606598e+36,2019-04-26T04:36:11.520000044,2019 04 26
0.08,g,P48,20.47,58599.2766,4814.0,20.389574648487017,15.741310094977308,16.076600000000326,-14.44709194683546,622751262982966.2,600947.8402966276,44279.4732394874,2.182041608117055e-14,1.6077876733257875e-15,13.588691673362787,1.001251804172079,0.0028227444273707493,0.00020798749567346885,3.377400109750986e+37,2.4885603666525043e+36,2019-04-26T06:38:18.239999777,2019 04 26
0.06,r,P48,19.97,58599.4846,6421.8,19.912741357745382,15.944972094395691,16.28460000000632,-14.923925237577095,466835557008938.3,932330.9362002619,51522.51157036574,3.385293629343151e-14,1.87078239511998e-15,15.803754370932202,0.8733477414683517,0.0024609539959095893,0.00013599734365261324,2.944519601308382e+37,1.6272016656003486e+36,2019-04-26T11:37:49.440000295,2019 04 26
0.1,r,P48,20.08,58600.4715,6421.8,20.02274135774538,16.91128953295071,17.27150000000256,-14.813925237577095,466835557008938.3,842500.3598323881,77597.15077568706,3.0591188065514014e-14,2.817552544665197e-15,14.28105432012942,1.3153337115907286,0.0022238397832584976,0.00020482321336552504,2.660813588087323e+37,2.4506998812663475e+36,2019-04-27T11:18:57.599999970,2019 04 27
0.1,i,LT+IOO,20.38,58601.1606,7658.7,20.335798537730355,17.586017820430623,17.960600000005797,-14.500868057592122,391440398501051.06,631462.0032711966,58159.79982097659,2.292838533877715e-14,2.11178233149966e-15,8.975096293996584,0.8266369173897056,0.00117188247274297,0.00010793436449915854,1.4021517334971667e+37,1.2914294718665346e+36,2019-04-28T03:51:15.840000249,2019 04 28
0.09,i,P60+SEDM,20.37,58605.3688,7681.9,20.326038984901366,21.70645256046163,22.168799999999464,-14.51062761042111,390258214764576.5,637163.7273260567,52816.45321215004,2.3135414939209118e-14,1.917765416133168e-15,9.028785732013464,0.7484237076373753,0.0011753323698581685,9.74269005893562e-05,1.406279518776812e+37,1.165708172346598e+36,2019-05-02T08:51:04.319999702,2019 05 02
0.08,r,P48,20.73,58605.4333,6421.8,20.672741357745384,21.769607363164468,22.233299999999872,-14.163925237577093,466835557008938.3,462988.383967652,34114.244836906204,1.6811108221865444e-14,1.2386882300280643e-15,7.848023070692097,0.5782637098255673,0.0012220908578112206,9.004698212737353e-05,1.4622258243697435e+37,1.0774078034511045e+36,2019-05-02T10:23:57.119999737,2019 05 02
0.11,r,LT+IOO,21.22,58607.0861,6187.6,21.16023852255557,23.387936943115,23.886100000003353,-13.676428072766907,484505233046738.6,295509.35168135265,29939.158832959973,1.0729944559549915e-14,1.0870908572247766e-15,5.198714289403316,0.5267012091226693,0.0008401826700826356,8.51220520270653e-05,1.00527451746352e+37,1.018481252042445e+36,2019-05-04T02:03:59.040000038,2019 05 04
0.1,i,LT+IOO,20.88,58607.089,7658.7,20.835798537730355,23.39077646137555,23.889000000002852,-14.000868057592122,391440398501051.06,398425.58872413717,36696.35285054299,1.446683312657342e-14,1.332444572003216e-15,5.662902924114106,0.5215726342455013,0.0007394078530447865,6.81019800025463e-05,8.846979343256718e+36,8.148369101523668e+35,2019-05-04T02:08:09.599999995,2019 05 04
0.16,z,LT+IOO,20.72,58607.09,9669.8,20.69091670703133,23.39175560560013,23.889999999999418,-14.145749888291146,310029636600550.2,455302.4165009997,67095.84365051957,1.65320307431513e-14,2.4362500829503655e-15,5.125419483568321,0.755309727885162,0.0005300440012790669,7.811017062247017e-05,6.341950942261643e+36,9.345844288096768e+35,2019-05-04T02:09:35.999999698,2019 05 04
0.09,r,P48,20.69,58607.3705,6421.8,20.632741357745385,23.666405561539385,24.170500000000175,-14.203925237577092,466835557008938.3,480363.6045600997,39818.810702771,1.7442002481577222e-14,1.445821016617615e-15,8.142546943838386,0.6749606596279137,0.001267953991690552,0.00010510459055528259,1.5171008431265276e+37,1.2575713629426625e+36,2019-05-04T08:53:31.199999764,2019 05 04
0.13,r,P48,20.64,58608.4033,6421.8,20.582741357745384,24.677665720161592,25.203300000001036,-14.253925237577093,466835557008938.3,503002.44377951423,60226.70829688683,1.8264018733634162e-14,2.1868317782599607e-15,8.526293358737789,1.0208908312888358,0.0013277108223142715,0.0001589726916579208,1.5885996031098783e+37,1.9021005977256729e+36,2019-05-05T09:40:45.119999838,2019 05 05
0.19,g,LT+IOO,21.86,58610.1965,4795.5,21.779165092090455,26.433467149712232,26.996500000001106,-13.057501503232022,625153702429360.8,167109.29279838197,29243.5358538732,6.067738421509249e-15,1.061832786854136e-15,3.7932691395793925,0.6638086980627493,0.000791005972177957,0.00013842325056047323,9.4643483531236e+36,1.6562275248931917e+36,2019-05-07T04:42:57.599999844,2019 05 07
0.21,r,LT+IOO,21.36,58610.1974,6187.6,21.30023852255557,26.434348379516493,26.997400000000198,-13.536428072766906,484505233046738.6,259759.37406200496,50241.917248373495,9.4318628721914e-15,1.8242840152884417e-15,4.569786918955976,0.8838751519707665,0.0007385394852537293,0.00014284620078394957,8.836589364467343e+36,1.7091479112567074e+36,2019-05-07T04:44:15.359999766,2019 05 07
0.19,i,LT+IOO,21.28,58610.1982,7658.7,21.235798537730357,26.435131694900434,26.998200000001816,-13.60086805759212,391440398501051.06,275643.1618859686,48236.57950137256,1.000860320807952e-14,1.7514702016948377e-15,3.9177716282095454,0.6855961937141435,0.0005115452528770608,8.951861199866081e-05,6.120614308745069e+36,1.071085880313466e+36,2019-05-07T04:45:24.479999905,2019 05 07
0.42,z,LT+IOO,20.92,58610.199,9669.8,20.890916707031334,26.435915010284376,26.999000000003434,-13.945749888291143,310029636600550.2,378704.05494102964,146495.71634268697,1.3750744234908786e-14,5.319259460402964e-15,4.263138238135881,1.6491280774927697,0.0004408713973542247,0.00017054417645584913,5.27500503188367e+36,2.040552855916499e+36,2019-05-07T04:46:33.600000045,2019 05 07
0.23,g,LT+IOO,21.77,58611.1743,4795.5,21.689165092090455,27.390874375797193,27.974300000001676,-13.147501503232021,625153702429360.8,181551.81764068874,38459.54281929895,6.5921464985334085e-15,1.396465999768745e-15,4.121104790514907,0.8730058900721498,0.0008593691566082591,0.000182046896063424,1.0282310561671445e+37,2.1781823419172714e+36,2019-05-08T04:10:59.519999893,2019 05 08
0.19,r,LT+IOO,21.52,58611.1751,6187.6,21.46023852255557,27.391657691181134,27.975100000003295,-13.376428072766906,484505233046738.6,224166.76739688622,39228.392328407775,8.139495324180939e-15,1.4243829254444864e-15,3.943628078925125,0.6901209812402762,0.000637343732452829,0.00011153290148688929,7.625787056961082e+36,1.33448579357762e+36,2019-05-08T04:12:08.640000033,2019 05 08
0.12,i,LT+IOO,21.1,58611.1759,7658.7,21.055798537730357,27.392441006565075,27.975900000004913,-13.78086805759212,391440398501051.06,325347.31205029844,35958.713797089564,1.1813360900546336e-14,1.305660897972322e-15,4.624226698546593,0.5110884222095259,0.000603787418040476,6.673305158963347e-05,7.224287371477037e+36,7.984577476352716e+35,2019-05-08T04:13:17.760000173,2019 05 08
0.21,z,LT+IOO,20.72,58611.1767,9669.8,20.69091670703133,27.393224321949013,27.97670000000653,-14.145749888291146,310029636600550.2,455302.4165009997,88063.29479130694,1.65320307431513e-14,3.197578233872355e-15,5.125419483568321,0.9913440178492753,0.0005300440012790669,0.00010251959894199211,6.341950942261643e+36,1.226642062812701e+36,2019-05-08T04:14:26.880000313,2019 05 08
0.22,g,P48,21.78,58612.4016,4814.0,21.69957464848702,28.592578086752496,29.201600000000326,-13.137091946835458,622751262982966.2,179819.49709656608,36436.373023093045,6.529245939576314e-15,1.3230047044685085e-15,4.066096155197553,0.8239028506401697,0.0008446398328204307,0.000171147247744115,1.010607491208447e+37,2.0477685748297197e+36,2019-05-09T09:38:18.239999777,2019 05 09
0.11,r,P48,21.23,58612.4549,6421.8,21.172741357745384,28.64476647410154,29.254899999999907,-13.663925237577093,466835557008938.3,292125.92127340625,29596.370830457086,1.0607092201437382e-14,1.074644224853897e-15,4.951767796103185,0.5016821352961077,0.0007710872023580904,7.812173149212179e-05,9.226021231746964e+36,9.347227540581536e+35,2019-05-09T10:55:03.359999741,2019 05 09
0.09,r,P48,20.94,58616.4117,6421.8,20.882741357745385,32.51904435523336,33.21169999999984,-13.953925237577092,466835557008938.3,381566.37403601717,31629.205614352446,1.3854675041247784e-14,1.1484564558571374e-15,6.467854940058745,0.5361403092705779,0.0010071716559311634,8.34875438771961e-05,1.2050760346194148e+37,9.989244407660549e+35,2019-05-13T09:52:50.879999734,2019 05 13
0.16,g,P48,21.66,58616.4688,4814.0,21.579574648487018,32.574953490654345,33.268800000005285,-13.257091946835459,622751262982966.2,200833.78754153798,29595.960663211437,7.292274825633243e-15,1.0746293316812073e-15,4.541273357681993,0.6692267735430129,0.0009433471868886565,0.0001390167788830521,1.1287103648624312e+37,1.663329062681667e+36,2019-05-13T11:15:04.320000205,2019 05 13
0.17,r,P48,21.02,58617.338,6421.8,20.962741357745383,33.42602565358492,34.138000000006286,-13.873925237577094,466835557008938.3,354462.3358049606,55500.218950759925,1.2870527413078119e-14,2.015212950102093e-15,6.008419833883133,0.9407730600525364,0.0009356286140775379,0.00014649678595604602,1.1194751296754912e+37,1.7528269869864864e+36,2019-05-14T08:06:43.200000292,2019 05 14
0.21,r,P48,21.58,58627.3911,6421.8,21.52274135774538,43.26946049153397,44.191100000003644,-13.313925237577095,466835557008938.3,211626.52224049118,40932.198333022745,7.684159022552234e-15,1.4862481214720558e-15,3.587238657438431,0.6938334696408954,0.0005586032977418217,0.00010804345660732122,6.683661548692858e+36,1.2927347536855647e+36,2019-05-24T09:23:11.040000063,2019 05 24
0.23,r,P60+SEDM,21.21,58628.2843,6348.8,21.15196771818042,44.14403211593288,45.08430000000226,-13.684698877142058,472203342363911.3,297769.04691156145,63078.74830877176,1.0811994093358797e-14,2.290389351091503e-15,5.1054597485028905,1.0815295069001176,0.0008041613767173152,0.00017035179985195903,9.621752134720762e+36,2.0382510791180335e+36,2019-05-25T06:49:23.519999944,2019 05 25
0.19,r,P48,21.95,58635.3518,6421.8,21.892741357745383,51.06413394693003,52.15179999999964,-12.943925237577094,466835557008938.3,150511.64246489393,26339.005683890293,5.465077737900299e-15,9.563692963820566e-16,2.5512926098698347,0.4464671931827638,0.00039728621412529736,6.952368388656822e-05,4.753510414115493e+36,8.318475286390058e+35,2019-06-01T08:26:35.519999717,2019 06 01
0.16,r,P48,22.27,58637.8263,6421.8,22.212741357745383,53.48702633898319,54.62630000000354,-12.623925237577094,466835557008938.3,112090.8325887129,16518.31553152394,4.070018131296166e-15,5.997800369496342e-16,1.9000291813601238,0.2799986476322241,0.00029587174645117004,4.3601271860261e-05,3.540091193686905e+36,5.2168711746706985e+35,2019-06-03T19:49:52.320000054,2019 06 03
0.17,r,P48,22.4,58642.3119,6421.8,22.342741357745382,57.87907568785226,59.111900000003516,-12.493925237577095,466835557008938.3,99442.05602541733,15570.218115814718,3.610741054282903e-15,5.653546197852324e-16,1.6856223112912003,0.2639276388350155,0.0002624843986563269,4.10987011172904e-05,3.1406131856419825e+36,4.917439790801444e+35,2019-06-08T07:29:08.160000052,2019 06 08
